"","treatment","database","cohort","cancer_cat","psi","i_ci","s_ci","pvalue","n"
"1","mech_vent","merged","cancer","cat_solid","0.0548803675745465","0.0265303993982583","0.0832303357508346","0.000148118749840561","4915"
"2","mech_vent","merged","cancer","cat_hematological","0.103257788578553","0.0484837555358857","0.15803182162122","0.000219962424416999","1634"
"3","mech_vent","merged","cancer","cat_metastasized","0.0274875838587078","-0.0190727477443537","0.0740479154617692","0.247225324118771","2195"
"4","vasopressor","merged","cancer","cat_solid","0.0775810224199315","0.0496754452625865","0.105486599577276","5.06404060109343e-08","4915"
"5","vasopressor","merged","cancer","cat_hematological","0.0690167633714676","0.0152568565162031","0.122776670226732","0.0118614204290448","1634"
"6","vasopressor","merged","cancer","cat_metastasized","0.0451680229684784","-0.003637800120803","0.0939738460577599","0.0696917266064765","2195"
"7","rrt","merged","cancer","cat_solid","0.0267843027109294","-0.0145140845352259","0.0680826899570847","0.20366850058823","4915"
"8","rrt","merged","cancer","cat_hematological","0.0584701010981843","-0.0217554820601153","0.138695684256484","0.153151032705537","1634"
"9","rrt","merged","cancer","cat_metastasized","0.0950650419841224","0.0329507067002644","0.15717937726798","0.00270201210157167","2195"
